Name,Date,Time
Alice Miller,14-07-2025,09:51
John Smith,13-07-2025,10:09
Emma Johnson,12-07-2025,08:02
Eva Miller,11-07-2025,10:05
Emma Garcia,10-07-2025,10:23
Bob Johnson,09-07-2025,08:16
Ava Garcia,08-07-2025,09:14
Charlie Brown,07-07-2025,08:28
Liam Davis,06-07-2025,10:45
Emma Davis,05-07-2025,09:43
Noah Garcia,04-07-2025,08:00
Emma Jones,03-07-2025,08:23
Ava Davis,02-07-2025,08:07
Bob Brown,01-07-2025,10:56
Noah Johnson,30-06-2025,10:44
Bob Garcia,29-06-2025,10:15
Bob Williams,28-06-2025,08:38
John Johnson,27-06-2025,08:43
Noah Miller,26-06-2025,08:27
John Jones,25-06-2025,08:04
Alice Garcia,24-06-2025,10:42
Liam Johnson,23-06-2025,09:03
Noah Johnson,22-06-2025,10:54
Noah Garcia,21-06-2025,09:48
Alice Williams,20-06-2025,09:30
Charlie Johnson,19-06-2025,10:15
Eva Smith,18-06-2025,09:51
Eva Miller,17-06-2025,09:13
John Jones,16-06-2025,10:16
Alice Williams,15-06-2025,09:31
John Davis,14-06-2025,09:44
John Garcia,13-06-2025,09:38
John Johnson,12-06-2025,09:53
Emma Brown,11-06-2025,08:55
Ava Jones,10-06-2025,10:09
Sophia Garcia,09-06-2025,08:35
Alice Williams,08-06-2025,10:39
Charlie Brown,07-06-2025,09:43
Noah Williams,06-06-2025,08:50
Ava Brown,05-06-2025,10:36
Eva Garcia,04-06-2025,09:13
Emma Brown,03-06-2025,10:09
Eva Garcia,02-06-2025,10:28
Bob Brown,01-06-2025,08:18
John Brown,31-05-2025,08:46
Liam Brown,30-05-2025,08:12
Ava Garcia,29-05-2025,09:43
John Johnson,28-05-2025,09:55
Alice Miller,27-05-2025,08:53
Charlie Smith,26-05-2025,09:28
Alice Brown,25-05-2025,09:04
Ava Williams,24-05-2025,09:16
Bob Miller,23-05-2025,08:18
Liam Williams,22-05-2025,08:32
Sophia Davis,21-05-2025,09:11
Sophia Garcia,20-05-2025,09:50
Bob Garcia,19-05-2025,08:15
John Smith,18-05-2025,10:36
Noah Smith,17-05-2025,10:59
Emma Davis,16-05-2025,09:53
Sophia Davis,15-05-2025,09:45
Bob Brown,14-05-2025,09:39
Emma Davis,13-05-2025,10:43
Sophia Jones,12-05-2025,10:17
Charlie Davis,11-05-2025,10:57
Eva Davis,10-05-2025,08:58
John Brown,09-05-2025,10:36
Alice Johnson,08-05-2025,10:39
John Jones,07-05-2025,08:31
Bob Jones,06-05-2025,09:21
Noah Williams,05-05-2025,09:38
Alice Brown,04-05-2025,08:05
Sophia Brown,03-05-2025,10:15
Eva Williams,02-05-2025,10:24
John Johnson,01-05-2025,09:46
Ava Jones,30-04-2025,09:06
Ava Garcia,29-04-2025,10:53
Bob Davis,28-04-2025,08:28
John Smith,27-04-2025,08:44
Eva Smith,26-04-2025,10:56
Eva Garcia,25-04-2025,09:39
Sophia Garcia,24-04-2025,09:05
Noah Miller,23-04-2025,08:59
Alice Davis,22-04-2025,09:34
Alice Brown,21-04-2025,08:37
Ava Smith,20-04-2025,09:13
Eva Smith,19-04-2025,08:06
Sophia Brown,18-04-2025,09:19
Eva Miller,17-04-2025,09:29
Bob Jones,16-04-2025,08:37
Charlie Smith,15-04-2025,10:21
Emma Jones,14-04-2025,08:26
Emma Davis,13-04-2025,09:25
Sophia Davis,12-04-2025,09:09
Bob Brown,11-04-2025,10:43
Emma Miller,10-04-2025,10:15
Alice Jones,09-04-2025,10:17
Eva Brown,08-04-2025,09:10
Ava Jones,07-04-2025,10:34
Liam Davis,06-04-2025,09:30
